asaces AGIP000 asaz
asaces AGIP000 asaz
asalariado AGMS000 asalariado
asalariados AGMP000 asalariado
asalariada AGFS000 asalariado
asalariadas AGFP000 asalariado
asaltante AGIS000 asaltante
asaltantes AGIP000 asaltante
asaltante AGIS000 asaltante
asaltantes AGIP000 asaltante
asaz AGIS000 asaz
asaz AGIS000 asaz
ascendente AGIS000 ascendente
ascendentes AGIP000 ascendente
ascendente AGIS000 ascendente
ascendentes AGIP000 ascendente
ascético AGMS000 ascético
ascéticos AGMP000 ascético
ascética AGFS000 ascético
ascéticas AGFP000 ascético
aseado AGMS000 aseado
aseados AGMP000 aseado
aseada AGFS000 aseado
aseadas AGFP000 aseado
asentado AGMS000 asentado
asentados AGMP000 asentado
asentada AGFS000 asentado
asentadas AGFP000 asentado
asequible AGIS000 asequible
asequibles AGIP000 asequible
asequible AGIS000 asequible
asequibles AGIP000 asequible
asesino AGMS000 asesino
asesinos AGMP000 asesino
asesina AGFS000 asesino
asesinas AGFP000 asesino
asfaltado AGMS000 asfaltado
asfaltados AGMP000 asfaltado
asfaltada AGFS000 asfaltado
asfaltadas AGFP000 asfaltado
asfixiante AGIS000 asfixiante
asfixiantes AGIP000 asfixiante
asfixiante AGIS000 asfixiante
asfixiantes AGIP000 asfixiante
asiático AGMS000 asiático
asiáticos AGMP000 asiático
asiática AGFS000 asiático
asiáticas AGFP000 asiático
asiduo AGMS000 asiduo
asiduos AGMP000 asiduo
asidua AGFS000 asiduo
asiduas AGFP000 asiduo
asimétrico AGMS000 asimétrico
asimétricos AGMP000 asimétrico
asimétrica AGFS000 asimétrico
asimétricas AGFP000 asimétrico
asirio AGMS000 asirio
asirios AGMP000 asirio
asiria AGFS000 asirio
asirias AGFP000 asirio
asistente AGIS000 asistente
asistentes AGIP000 asistente
asistente AGIS000 asistente
asistentes AGIP000 asistente
asmático AGMS000 asmático
asmáticos AGMP000 asmático
asmática AGFS000 asmático
asmáticas AGFP000 asmático
asno AGMS000 asno
asnos AGMP000 asno
asna AGFS000 asno
asnas AGFP000 asno
asnal AGIS000 asnal
asnales AGIP000 asnal
asnal AGIS000 asnal
asnales AGIP000 asnal
asociado AGMS000 asociado
asociados AGMP000 asociado
asociada AGFS000 asociado
asociadas AGFP000 asociado
asombroso AGMS000 asombroso
asombrosos AGMP000 asombroso
asombrosa AGFS000 asombroso
asombrosas AGFP000 asombroso
asonante AGIS000 asonante
asonantes AGIP000 asonante
asonante AGIS000 asonante
asonantes AGIP000 asonante
aspirante AGIS000 aspirante
aspirantes AGIP000 aspirante
aspirante AGIS000 aspirante
aspirantes AGIP000 aspirante
asqueroso AGMS000 asqueroso
asquerosos AGMP000 asqueroso
asquerosa AGFS000 asqueroso
asquerosas AGFP000 asqueroso
astral AGIS000 astral
astrales AGIP000 astral
astral AGIS000 astral
astrales AGIP000 astral
astringente AGIS000 astringente
astringentes AGIP000 astringente
astringente AGIS000 astringente
astringentes AGIP000 astringente
astrológico AGMS000 astrológico
astrológicos AGMP000 astrológico
astrológica AGFS000 astrológico
astrológicas AGFP000 astrológico
astronómico AGMS000 astronómico
astronómicos AGMP000 astronómico
astronómica AGFS000 astronómico
astronómicas AGFP000 astronómico
astroso AGMS000 astroso
astrosos AGMP000 astroso
astrosa AGFS000 astroso
astrosas AGFP000 astroso
asturiano AGMS000 asturiano
asturianos AGMP000 asturiano
asturiana AGFS000 asturiano
asturianas AGFP000 asturiano
astuto AGMS000 astuto
astutos AGMP000 astuto
astuta AGFS000 astuto
astutas AGFP000 astuto
