cabal AGIS000 cabal
cabales AGIP000 cabal
cabal AGIS000 cabal
cabales AGIP000 cabal
caballero AGMS000 caballero
caballeros AGMP000 caballero
caballera AGFS000 caballero
caballeras AGFP000 caballero
caballeresco AGMS000 caballeresco
caballerescos AGMP000 caballeresco
caballeresca AGFS000 caballeresco
caballerescas AGFP000 caballeresco
caballeroso AGMS000 caballeroso
caballerosos AGMP000 caballeroso
caballerosa AGFS000 caballeroso
caballerosas AGFP000 caballeroso
cabecero AGMS000 cabecero
cabeceros AGMP000 cabecero
cabecera AGFS000 cabecero
cabeceras AGFP000 cabecero
cabelludo AGMS000 cabelludo
cabelludos AGMP000 cabelludo
cabelluda AGFS000 cabelludo
cabelludas AGFP000 cabelludo
cabezones AGMP000 cabezón
cabezona AGFS000 cabezón
cabezón AGMS000 cabezón
cabizbajo AGMS000 cabizbajo
cabizbajos AGMP000 cabizbajo
cabizbaja AGFS000 cabizbajo
cabizbajas AGFP000 cabizbajo
cabrío AGMS000 cabrío
cabríos AGMP000 cabrío
cabría AGFS000 cabrío
cabrías AGFP000 cabrío
cachafaces AGIP000 cachafaz
cachafaces AGIP000 cachafaz
cachafaz AGIS000 cachafaz
cachafaz AGIS000 cachafaz
cachazudo AGMS000 cachazudo
cachazudos AGMP000 cachazudo
cachazuda AGFS000 cachazudo
cachazudas AGFP000 cachazudo
cachetudo AGMS000 cachetudo
cachetudos AGMP000 cachetudo
cachetuda AGFS000 cachetudo
cachetudas AGFP000 cachetudo
cachondo AGMS000 cachondo
cachondos AGMP000 cachondo
cachonda AGFS000 cachondo
cachondas AGFP000 cachondo
cachorro AGMS000 cachorro
cachorros AGMP000 cachorro
cachorra AGFS000 cachorro
cachorras AGFP000 cachorro
cada AGIS000 cada
cada AGIS000 cada
caduco AGMS000 caduco
caducos AGMP000 caduco
caduca AGFS000 caduco
caducas AGFP000 caduco
caedizo AGMS000 caedizo
caedizos AGMP000 caedizo
caediza AGFS000 caedizo
caedizas AGFP000 caedizo
cafetero AGMS000 cafetero
cafeteros AGMP000 cafetero
cafetera AGFS000 cafetero
cafeteras AGFP000 cafetero
caído AGMS000 caído
caídos AGMP000 caído
caída AGFS000 caído
caídas AGFP000 caído
cairota AGIS000 cairota
cairotas AGIP000 cairota
cairota AGIS000 cairota
cairotas AGIP000 cairota
calamitoso AGMS000 calamitoso
calamitosos AGMP000 calamitoso
calamitosa AGFS000 calamitoso
calamitosas AGFP000 calamitoso
calculador AGMS000 calculador
calculadores AGMP000 calculador
calculadora AGFS000 calculador
calculadoras AGFP000 calculador
calculista AGIS000 calculista
calculistas AGIP000 calculista
calculista AGIS000 calculista
calculistas AGIP000 calculista
caldeo AGMS000 caldeo
caldeos AGMP000 caldeo
caldea AGFS000 caldeo
caldeas AGFP000 caldeo
calé AGIS000 calé
calés AGIP000 calé
calé AGIS000 calé
calés AGIP000 calé
calefactor AGMS000 calefactor
calefactores AGMP000 calefactor
calefactora AGFS000 calefactor
calefactoras AGFP000 calefactor
calentador AGMS000 calentador
calentadores AGMP000 calentador
calentadora AGFS000 calentador
calentadoras AGFP000 calentador
calenturiento AGMS000 calenturiento
calenturientos AGMP000 calenturiento
calenturienta AGFS000 calenturiento
calenturientas AGFP000 calenturiento
caliente AGIS000 caliente
calientes AGIP000 caliente
caliente AGIS000 caliente
calientes AGIP000 caliente
calificado AGMS000 calificado
calificados AGMP000 calificado
calificada AGFS000 calificado
calificadas AGFP000 calificado
calificativo AGMS000 calificativo
calificativos AGMP000 calificativo
calificativa AGFS000 calificativo
calificativas AGFP000 calificativo
calizo AGMS000 calizo
calizos AGMP000 calizo
caliza AGFS000 calizo
calizas AGFP000 calizo
calmante AGIS000 calmante
calmantes AGIP000 calmante
calmante AGIS000 calmante
calmantes AGIP000 calmante
calmoso AGMS000 calmoso
calmosos AGMP000 calmoso
calmosa AGFS000 calmoso
calmosas AGFP000 calmoso
calumniador AGMS000 calumniador
calumniadores AGMP000 calumniador
calumniadora AGFS000 calumniador
calumniadoras AGFP000 calumniador
calumnioso AGMS000 calumnioso
calumniosos AGMP000 calumnioso
calumniosa AGFS000 calumnioso
calumniosas AGFP000 calumnioso
caluroso AGMS000 caluroso
calurosos AGMP000 caluroso
calurosa AGFS000 caluroso
calurosas AGFP000 caluroso
calvo AGMS000 calvo
calvos AGMP000 calvo
calva AGFS000 calvo
calvas AGFP000 calvo
calzado AGMS000 calzado
calzados AGMP000 calzado
calzada AGFS000 calzado
calzadas AGFP000 calzado
callado AGMS000 callado
callados AGMP000 callado
callada AGFS000 callado
calladas AGFP000 callado
callejero AGMS000 callejero
callejeros AGMP000 callejero
callejera AGFS000 callejero
callejeras AGFP000 callejero
calloso AGMS000 calloso
callosos AGMP000 calloso
callosa AGFS000 calloso
callosas AGFP000 calloso
camaraderil AGIS000 camaraderil
camaraderiles AGIP000 camaraderil
camaraderil AGIS000 camaraderil
camaraderiles AGIP000 camaraderil
camastrones AGMP000 camastrón
camastrona AGFS000 camastrón
camastrón AGMS000 camastrón
cambado AGMS000 cambado
cambados AGMP000 cambado
cambada AGFS000 cambado
cambadas AGFP000 cambado
cambiable AGIS000 cambiable
cambiables AGIP000 cambiable
cambiable AGIS000 cambiable
cambiables AGIP000 cambiable
cambiante AGIS000 cambiante
cambiantes AGIP000 cambiante
cambiante AGIS000 cambiante
cambiantes AGIP000 cambiante
camboyano AGMS000 camboyano
camboyanos AGMP000 camboyano
camboyana AGFS000 camboyano
camboyanas AGFP000 camboyano
caminante AGIS000 caminante
caminantes AGIP000 caminante
caminante AGIS000 caminante
caminantes AGIP000 caminante
caminero AGMS000 caminero
camineros AGMP000 caminero
caminera AGFS000 caminero
camineras AGFP000 caminero
camorrero AGMS000 camorrero
camorreros AGMP000 camorrero
camorrera AGFS000 camorrero
camorreras AGFP000 camorrero
camorrista AGIS000 camorrista
camorristas AGIP000 camorrista
camorrista AGIS000 camorrista
camorristas AGIP000 camorrista
campal AGIS000 campal
campales AGIP000 campal
campal AGIS000 campal
campales AGIP000 campal
campante AGIS000 campante
campantes AGIP000 campante
campante AGIS000 campante
campantes AGIP000 campante
campanudo AGMS000 campanudo
campanudos AGMP000 campanudo
campanuda AGFS000 campanudo
campanudas AGFP000 campanudo
campeador AGMS000 campeador
campeadores AGMP000 campeador
campeadora AGFS000 campeador
campeadoras AGFP000 campeador
campechano AGMS000 campechano
campechanos AGMP000 campechano
campechana AGFS000 campechano
campechanas AGFP000 campechano
campero AGMS000 campero
camperos AGMP000 campero
campera AGFS000 campero
camperas AGFP000 campero
campesino AGMS000 campesino
campesinos AGMP000 campesino
campesina AGFS000 campesino
campesinas AGFP000 campesino
campestre AGIS000 campestre
campestres AGIP000 campestre
campestre AGIS000 campestre
campestres AGIP000 campestre
cano AGMS000 cano
canos AGMP000 cano
cana AGFS000 cano
canas AGFP000 cano
canadiense AGIS000 canadiense
canadienses AGIP000 canadiense
canadiense AGIS000 canadiense
canadienses AGIP000 canadiense
canallesco AGMS000 canallesco
canallescos AGMP000 canallesco
canallesca AGFS000 canallesco
canallescas AGFP000 canallesco
canario AGMS000 canario
canarios AGMP000 canario
canaria AGFS000 canario
canarias AGFP000 canario
cancerado AGMS000 cancerado
cancerados AGMP000 cancerado
cancerada AGFS000 cancerado
canceradas AGFP000 cancerado
canceroso AGMS000 canceroso
cancerosos AGMP000 canceroso
cancerosa AGFS000 canceroso
cancerosas AGFP000 canceroso
candente AGIS000 candente
candentes AGIP000 candente
candente AGIS000 candente
candentes AGIP000 candente
candoroso AGMS000 candoroso
candorosos AGMP000 candoroso
candorosa AGFS000 candoroso
candorosas AGFP000 candoroso
canelo AGMS000 canelo
canelos AGMP000 canelo
canela AGFS000 canelo
canelas AGFP000 canelo
caníbal AGIS000 caníbal
caníbales AGIP000 caníbal
caníbal AGIS000 caníbal
caníbales AGIP000 caníbal
canicular AGIS000 canicular
caniculares AGIP000 canicular
canicular AGIS000 canicular
caniculares AGIP000 canicular
canijo AGMS000 canijo
canijos AGMP000 canijo
canija AGFS000 canijo
canijas AGFP000 canijo
canino AGMS000 canino
caninos AGMP000 canino
canina AGFS000 canino
caninas AGFP000 canino
canónico AGMS000 canónico
canónicos AGMP000 canónico
canónica AGFS000 canónico
canónicas AGFP000 canónico
canoso AGMS000 canoso
canosos AGMP000 canoso
canosa AGFS000 canoso
canosas AGFP000 canoso
cansado AGMS000 cansado
cansados AGMP000 cansado
cansada AGFS000 cansado
cansadas AGFP000 cansado
cansino AGMS000 cansino
cansinos AGMP000 cansino
cansina AGFS000 cansino
cansinas AGFP000 cansino
cantábrico AGMS000 cantábrico
cantábricos AGMP000 cantábrico
cantábrica AGFS000 cantábrico
cantábricas AGFP000 cantábrico
cantante AGIS000 cantante
cantantes AGIP000 cantante
cantante AGIS000 cantante
cantantes AGIP000 cantante
cantarines AGMP000 cantarín
cantarina AGFS000 cantarín
cantarín AGMS000 cantarín
cantor AGMS000 cantor
cantores AGMP000 cantor
cantora AGFS000 cantor
cantoras AGFP000 cantor
cañizo AGMS000 cañizo
cañizos AGMP000 cañizo
cañiza AGFS000 cañizo
cañizas AGFP000 cañizo
cañonero AGMS000 cañonero
cañoneros AGMP000 cañonero
cañonera AGFS000 cañonero
cañoneras AGFP000 cañonero
caótico AGMS000 caótico
caóticos AGMP000 caótico
caótica AGFS000 caótico
caóticas AGFP000 caótico
capaces AGIP000 capaz
capaces AGIP000 capaz
capaz AGIS000 capaz
capaz AGIS000 capaz
capcioso AGMS000 capcioso
capciosos AGMP000 capcioso
capciosa AGFS000 capcioso
capciosas AGFP000 capcioso
capilar AGIS000 capilar
capilares AGIP000 capilar
capilar AGIS000 capilar
capilares AGIP000 capilar
capital AGIS000 capital
capitales AGIP000 capital
capital AGIS000 capital
capitales AGIP000 capital
capitalino AGMS000 capitalino
capitalinos AGMP000 capitalino
capitalina AGFS000 capitalino
capitalinas AGFP000 capitalino
capitalista AGIS000 capitalista
capitalistas AGIP000 capitalista
capitalista AGIS000 capitalista
capitalistas AGIP000 capitalista
capitular AGIS000 capitular
capitulares AGIP000 capitular
capitular AGIS000 capitular
capitulares AGIP000 capitular
caprichoso AGMS000 caprichoso
caprichosos AGMP000 caprichoso
caprichosa AGFS000 caprichoso
caprichosas AGFP000 caprichoso
captivo AGMS000 captivo
captivos AGMP000 captivo
captiva AGFS000 captivo
captivas AGFP000 captivo
capuchino AGMS000 capuchino
capuchinos AGMP000 capuchino
capuchina AGFS000 capuchino
capuchinas AGFP000 capuchino
caro AGMS000 caro
caros AGMP000 caro
cara AGFS000 caro
caras AGFP000 caro
característico AGMS000 característico
característicos AGMP000 característico
característica AGFS000 característico
características AGFP000 característico
caracterizado AGMS000 caracterizado
caracterizados AGMP000 caracterizado
caracterizada AGFS000 caracterizado
caracterizadas AGFP000 caracterizado
caradura AGIS000 caradura
caraduras AGIP000 caradura
caradura AGIS000 caradura
caraduras AGIP000 caradura
caraqueño AGMS000 caraqueño
caraqueños AGMP000 caraqueño
caraqueña AGFS000 caraqueño
caraqueñas AGFP000 caraqueño
carbonero AGMS000 carbonero
carboneros AGMP000 carbonero
carbonera AGFS000 carbonero
carboneras AGFP000 carbonero
carbónico AGMS000 carbónico
carbónicos AGMP000 carbónico
carbónica AGFS000 carbónico
carbónicas AGFP000 carbónico
carbonífero AGMS000 carbonífero
carboníferos AGMP000 carbonífero
carbonífera AGFS000 carbonífero
carboníferas AGFP000 carbonífero
carbonizado AGMS000 carbonizado
carbonizados AGMP000 carbonizado
carbonizada AGFS000 carbonizado
carbonizadas AGFP000 carbonizado
carburante AGIS000 carburante
carburantes AGIP000 carburante
carburante AGIS000 carburante
carburantes AGIP000 carburante
carca AGIS000 carca
carcas AGIP000 carca
carca AGIS000 carca
carcas AGIP000 carca
carcelario AGMS000 carcelario
carcelarios AGMP000 carcelario
carcelaria AGFS000 carcelario
carcelarias AGFP000 carcelario
cardanes AGIP000 cardán
cardanes AGIP000 cardán
cardán AGIS000 cardán
cardán AGIS000 cardán
cardenalicio AGMS000 cardenalicio
cardenalicios AGMP000 cardenalicio
cardenalicia AGFS000 cardenalicio
cardenalicias AGFP000 cardenalicio
cardiaco AGMS000 cardiaco
cardiacos AGMP000 cardiaco
cardiaca AGFS000 cardiaco
cardiacas AGFP000 cardiaco
cardíaco AGMS000 cardíaco
cardíacos AGMP000 cardíaco
cardíaca AGFS000 cardíaco
cardíacas AGFP000 cardíaco
cardinal AGIS000 cardinal
cardinales AGIP000 cardinal
cardinal AGIS000 cardinal
cardinales AGIP000 cardinal
carente AGIS000 carente
carentes AGIP000 carente
carente AGIS000 carente
carentes AGIP000 carente
carero AGMS000 carero
careros AGMP000 carero
carera AGFS000 carero
careras AGFP000 carero
cargado AGMS000 cargado
cargados AGMP000 cargado
cargada AGFS000 cargado
cargadas AGFP000 cargado
cargante AGIS000 cargante
cargantes AGIP000 cargante
cargante AGIS000 cargante
cargantes AGIP000 cargante
carguero AGMS000 carguero
cargueros AGMP000 carguero
carguera AGFS000 carguero
cargueras AGFP000 carguero
cariacontecido AGMS000 cariacontecido
cariacontecidos AGMP000 cariacontecido
cariacontecida AGFS000 cariacontecido
cariacontecidas AGFP000 cariacontecido
cariancho AGMS000 cariancho
carianchos AGMP000 cariancho
cariancha AGFS000 cariancho
carianchas AGFP000 cariancho
caribe AGIS000 caribe
caribes AGIP000 caribe
caribe AGIS000 caribe
caribes AGIP000 caribe
caricaturesco AGMS000 caricaturesco
caricaturescos AGMP000 caricaturesco
caricaturesca AGFS000 caricaturesco
caricaturescas AGFP000 caricaturesco
carigordo AGMS000 carigordo
carigordos AGMP000 carigordo
carigorda AGFS000 carigordo
carigordas AGFP000 carigordo
carilampiño AGMS000 carilampiño
carilampiños AGMP000 carilampiño
carilampiña AGFS000 carilampiño
carilampiñas AGFP000 carilampiño
carilargo AGMS000 carilargo
carilargos AGMP000 carilargo
carilarga AGFS000 carilargo
carilargas AGFP000 carilargo
cariñoso AGMS000 cariñoso
cariñosos AGMP000 cariñoso
cariñosa AGFS000 cariñoso
cariñosas AGFP000 cariñoso
carirredondo AGMS000 carirredondo
carirredondos AGMP000 carirredondo
carirredonda AGFS000 carirredondo
carirredondas AGFP000 carirredondo
carismático AGMS000 carismático
carismáticos AGMP000 carismático
carismática AGFS000 carismático
carismáticas AGFP000 carismático
caritativo AGMS000 caritativo
caritativos AGMP000 caritativo
caritativa AGFS000 caritativo
caritativas AGFP000 caritativo
carlista AGIS000 carlista
carlistas AGIP000 carlista
carlista AGIS000 carlista
carlistas AGIP000 carlista
carmesí AGIS000 carmesí
carmesís AGIP000 carmesí
carmesí AGIS000 carmesí
carmesís AGIP000 carmesí
carmines AGIP000 carmín
carmines AGIP000 carmín
carmín AGIS000 carmín
carmín AGIS000 carmín
carnal AGIS000 carnal
carnales AGIP000 carnal
carnal AGIS000 carnal
carnales AGIP000 carnal
carnavalesco AGMS000 carnavalesco
carnavalescos AGMP000 carnavalesco
carnavalesca AGFS000 carnavalesco
carnavalescas AGFP000 carnavalesco
carnicero AGMS000 carnicero
carniceros AGMP000 carnicero
carnicera AGFS000 carnicero
carniceras AGFP000 carnicero
carnívoro AGMS000 carnívoro
carnívoros AGMP000 carnívoro
carnívora AGFS000 carnívoro
carnívoras AGFP000 carnívoro
carnoso AGMS000 carnoso
carnosos AGMP000 carnoso
carnosa AGFS000 carnoso
carnosas AGFP000 carnoso
carnudo AGMS000 carnudo
carnudos AGMP000 carnudo
carnuda AGFS000 carnudo
carnudas AGFP000 carnudo
carrilludo AGMS000 carrilludo
carrilludos AGMP000 carrilludo
carrilluda AGFS000 carrilludo
carrilludas AGFP000 carrilludo
carroza AGIS000 carroza
carrozas AGIP000 carroza
carroza AGIS000 carroza
carrozas AGIP000 carroza
casado AGMS000 casado
casados AGMP000 casado
casada AGFS000 casado
casadas AGFP000 casado
casadero AGMS000 casadero
casaderos AGMP000 casadero
casadera AGFS000 casadero
casaderas AGFP000 casadero
casamentero AGMS000 casamentero
casamenteros AGMP000 casamentero
casamentera AGFS000 casamentero
casamenteras AGFP000 casamentero
cascado AGMS000 cascado
cascados AGMP000 cascado
cascada AGFS000 cascado
cascadas AGFP000 cascado
casero AGMS000 casero
caseros AGMP000 casero
casera AGFS000 casero
caseras AGFP000 casero
casquivano AGMS000 casquivano
casquivanos AGMP000 casquivano
casquivana AGFS000 casquivano
casquivanas AGFP000 casquivano
casto AGMS000 casto
castos AGMP000 casto
casta AGFS000 casto
castas AGFP000 casto
castaño AGMS000 castaño
castaños AGMP000 castaño
castaña AGFS000 castaño
castañas AGFP000 castaño
castellano AGMS000 castellano
castellanos AGMP000 castellano
castellana AGFS000 castellano
castellanas AGFP000 castellano
casticista AGIS000 casticista
casticistas AGIP000 casticista
casticista AGIS000 casticista
casticistas AGIP000 casticista
castigador AGMS000 castigador
castigadores AGMP000 castigador
castigadora AGFS000 castigador
castigadoras AGFP000 castigador
castizo AGMS000 castizo
castizos AGMP000 castizo
castiza AGFS000 castizo
castizas AGFP000 castizo
castrense AGIS000 castrense
castrenses AGIP000 castrense
castrense AGIS000 castrense
castrenses AGIP000 castrense
casual AGIS000 casual
casuales AGIP000 casual
casual AGIS000 casual
casuales AGIP000 casual
catalanes AGMP000 catalán
catalana AGFS000 catalán
catalán AGMS000 catalán
catastrófico AGMS000 catastrófico
catastróficos AGMP000 catastrófico
catastrófica AGFS000 catastrófico
catastróficas AGFP000 catastrófico
catedralicio AGMS000 catedralicio
catedralicios AGMP000 catedralicio
catedralicia AGFS000 catedralicio
catedralicias AGFP000 catedralicio
categórico AGMS000 categórico
categóricos AGMP000 categórico
categórica AGFS000 categórico
categóricas AGFP000 categórico
cateto AGMS000 catet
catetos AGMP000 catet
cateta AGFS000 catet
catetas AGFP000 catet
cateto AGMS000 cateto
catetos AGMP000 cateto
cateta AGFS000 cateto
catetas AGFP000 cateto
católico AGMS000 católico
católicos AGMP000 católico
católica AGFS000 católico
católicas AGFP000 católico
caucasiano AGMS000 caucasiano
caucasianos AGMP000 caucasiano
caucasiana AGFS000 caucasiano
caucasianas AGFP000 caucasiano
caucásico AGMS000 caucásico
caucásicos AGMP000 caucásico
caucásica AGFS000 caucásico
caucásicas AGFP000 caucásico
caudal AGIS000 caudal
caudales AGIP000 caudal
caudal AGIS000 caudal
caudales AGIP000 caudal
caudaloso AGMS000 caudaloso
caudalosos AGMP000 caudaloso
caudalosa AGFS000 caudaloso
caudalosas AGFP000 caudaloso
causal AGIS000 causal
causales AGIP000 causal
causal AGIS000 causal
causales AGIP000 causal
causante AGIS000 causante
causantes AGIP000 causante
causante AGIS000 causante
causantes AGIP000 causante
causativo AGMS000 causativo
causativos AGMP000 causativo
causativa AGFS000 causativo
causativas AGFP000 causativo
cauto AGMS000 cauto
cautos AGMP000 cauto
cauta AGFS000 cauto
cautas AGFP000 cauto
cauteloso AGMS000 cauteloso
cautelosos AGMP000 cauteloso
cautelosa AGFS000 cauteloso
cautelosas AGFP000 cauteloso
cautivo AGMS000 cautivo
cautivos AGMP000 cautivo
cautiva AGFS000 cautivo
cautivas AGFP000 cautivo
cautivador AGMS000 cautivador
cautivadores AGMP000 cautivador
cautivadora AGFS000 cautivador
cautivadoras AGFP000 cautivador
cavernícola AGIS000 cavernícola
cavernícolas AGIP000 cavernícola
cavernícola AGIS000 cavernícola
cavernícolas AGIP000 cavernícola
cavernoso AGMS000 cavernoso
cavernosos AGMP000 cavernoso
cavernosa AGFS000 cavernoso
cavernosas AGFP000 cavernoso
caviloso AGMS000 caviloso
cavilosos AGMP000 caviloso
cavilosa AGFS000 caviloso
cavilosas AGFP000 caviloso
cazador AGMS000 cazador
cazadores AGMP000 cazador
cazadora AGFS000 cazador
cazadoras AGFP000 cazador
cazurro AGMS000 cazurro
cazurros AGMP000 cazurro
cazurra AGFS000 cazurro
cazurras AGFP000 cazurro
