cefalópodo AGMS000 cefalópodo
cefalópodos AGMP000 cefalópodo
cefalópoda AGFS000 cefalópodo
cefalópodas AGFP000 cefalópodo
cegato AGMS000 cegato
cegatos AGMP000 cegato
cegata AGFS000 cegato
cegatas AGFP000 cegato
cejijunto AGMS000 cejijunto
cejijuntos AGMP000 cejijunto
cejijunta AGFS000 cejijunto
cejijuntas AGFP000 cejijunto
cejudo AGMS000 cejudo
cejudos AGMP000 cejudo
cejuda AGFS000 cejudo
cejudas AGFP000 cejudo
celebérrimo AGMS000 celebérrimo
celebérrimos AGMP000 celebérrimo
celebérrima AGFS000 celebérrimo
celebérrimas AGFP000 celebérrimo
celeste AGIS000 celeste
celestes AGIP000 celeste
celeste AGIS000 celeste
celestes AGIP000 celeste
celestial AGIS000 celestial
celestiales AGIP000 celestial
celestial AGIS000 celestial
celestiales AGIP000 celestial
celoso AGMS000 celoso
celosos AGMP000 celoso
celosa AGFS000 celoso
celosas AGFP000 celoso
celular AGIS000 celular
celulares AGIP000 celular
celular AGIS000 celular
celulares AGIP000 celular
cenagoso AGMS000 cenagoso
cenagosos AGMP000 cenagoso
cenagosa AGFS000 cenagoso
cenagosas AGFP000 cenagoso
ceniciento AGMS000 ceniciento
cenicientos AGMP000 ceniciento
cenicienta AGFS000 ceniciento
cenicientas AGFP000 ceniciento
censurable AGIS000 censurable
censurables AGIP000 censurable
censurable AGIS000 censurable
censurables AGIP000 censurable
centavo AGMS000 centavo
centavos AGMP000 centavo
centava AGFS000 centavo
centavas AGFP000 centavo
centenario AGMS000 centenario
centenarios AGMP000 centenario
centenaria AGFS000 centenario
centenarias AGFP000 centenario
centésimo AGMS000 centésimo
centésimos AGMP000 centésimo
centésima AGFS000 centésimo
centésimas AGFP000 centésimo
centígrado AGMS000 centígrado
centígrados AGMP000 centígrado
centígrada AGFS000 centígrado
centígradas AGFP000 centígrado
central AGIS000 central
centrales AGIP000 central
central AGIS000 central
centrales AGIP000 central
centrífugo AGMS000 centrífugo
centrífugos AGMP000 centrífugo
centrífuga AGFS000 centrífugo
centrífugas AGFP000 centrífugo
centrípeto AGMS000 centrípeto
centrípetos AGMP000 centrípeto
centrípeta AGFS000 centrípeto
centrípetas AGFP000 centrípeto
centrista AGIS000 centrista
centristas AGIP000 centrista
centrista AGIS000 centrista
centristas AGIP000 centrista
centroamericano AGMS000 centroamericano
centroamericanos AGMP000 centroamericano
centroamericana AGFS000 centroamericano
centroamericanas AGFP000 centroamericano
centroeuropeo AGMS000 centroeuropeo
centroeuropeos AGMP000 centroeuropeo
centroeuropea AGFS000 centroeuropeo
centroeuropeas AGFP000 centroeuropeo
ceñudo AGMS000 ceñudo
ceñudos AGMP000 ceñudo
ceñuda AGFS000 ceñudo
ceñudas AGFP000 ceñudo
ceporro AGMS000 ceporro
ceporros AGMP000 ceporro
ceporra AGFS000 ceporro
ceporras AGFP000 ceporro
cerámico AGMS000 cerámico
cerámicos AGMP000 cerámico
cerámica AGFS000 cerámico
cerámicas AGFP000 cerámico
cercano AGMS000 cercano
cercanos AGMP000 cercano
cercana AGFS000 cercano
cercanas AGFP000 cercano
cereal AGIS000 cereal
cereales AGIP000 cereal
cereal AGIS000 cereal
cereales AGIP000 cereal
cerebral AGIS000 cerebral
cerebrales AGIP000 cerebral
cerebral AGIS000 cerebral
cerebrales AGIP000 cerebral
ceremonial AGIS000 ceremonial
ceremoniales AGIP000 ceremonial
ceremonial AGIS000 ceremonial
ceremoniales AGIP000 ceremonial
ceremonioso AGMS000 ceremonioso
ceremoniosos AGMP000 ceremonioso
ceremoniosa AGFS000 ceremonioso
ceremoniosas AGFP000 ceremonioso
cero AGIS000 cero
ceros AGIP000 cero
cero AGIS000 cero
ceros AGIP000 cero
cerrado AGMS000 cerrado
cerrados AGMP000 cerrado
cerrada AGFS000 cerrado
cerradas AGFP000 cerrado
cerril AGIS000 cerril
cerriles AGIP000 cerril
cerril AGIS000 cerril
cerriles AGIP000 cerril
certero AGMS000 certero
certeros AGMP000 certero
certera AGFS000 certero
certeras AGFP000 certero
certificado AGMS000 certificado
certificados AGMP000 certificado
certificada AGFS000 certificado
certificadas AGFP000 certificado
certificativo AGMS000 certificativo
certificativos AGMP000 certificativo
certificativa AGFS000 certificativo
certificativas AGFP000 certificativo
certificatorio AGMS000 certificatorio
certificatorios AGMP000 certificatorio
certificatoria AGFS000 certificatorio
certificatorias AGFP000 certificatorio
cerúleo AGMS000 cerúleo
cerúleos AGMP000 cerúleo
cerúlea AGFS000 cerúleo
cerúleas AGFP000 cerúleo
cerval AGIS000 cerval
cervales AGIP000 cerval
cerval AGIS000 cerval
cervales AGIP000 cerval
cervecero AGMS000 cervecero
cerveceros AGMP000 cervecero
cervecera AGFS000 cervecero
cerveceras AGFP000 cervecero
cervical AGIS000 cervical
cervicales AGIP000 cervical
cervical AGIS000 cervical
cervicales AGIP000 cervical
cesante AGIS000 cesante
cesantes AGIP000 cesante
cesante AGIS000 cesante
cesantes AGIP000 cesante
cetrino AGMS000 cetrino
cetrinos AGMP000 cetrino
cetrina AGFS000 cetrino
cetrinas AGFP000 cetrino
