cuadrado AGMS000 cuadrado
cuadrados AGMP000 cuadrado
cuadrada AGFS000 cuadrado
cuadradas AGFP000 cuadrado
cuadragésimo AGMS000 cuadragésimo
cuadragésimos AGMP000 cuadragésimo
cuadragésima AGFS000 cuadragésimo
cuadragésimas AGFP000 cuadragésimo
cuadragesimal AGIS000 cuadragesimal
cuadragesimales AGIP000 cuadragesimal
cuadragesimal AGIS000 cuadragesimal
cuadragesimales AGIP000 cuadragesimal
cuadrangular AGIS000 cuadrangular
cuadrangulares AGIP000 cuadrangular
cuadrangular AGIS000 cuadrangular
cuadrangulares AGIP000 cuadrangular
cuadrilátero AGMS000 cuadrilátero
cuadriláteros AGMP000 cuadrilátero
cuadrilátera AGFS000 cuadrilátero
cuadriláteras AGFP000 cuadrilátero
cuadrúpedo AGMS000 cuadrúpedo
cuadrúpedos AGMP000 cuadrúpedo
cuadrúpeda AGFS000 cuadrúpedo
cuadrúpedas AGFP000 cuadrúpedo
cualitativo AGMS000 cualitativo
cualitativos AGMP000 cualitativo
cualitativa AGFS000 cualitativo
cualitativas AGFP000 cualitativo
cuano AGMS000 cuan
cuanos AGMP000 cuan
cuana AGFS000 cuan
cuanas AGFP000 cuan
cuáno AGMS000 cuán
cuános AGMP000 cuán
cuána AGFS000 cuán
cuánas AGFP000 cuán
cuántico AGMS000 cuántico
cuánticos AGMP000 cuántico
cuántica AGFS000 cuántico
cuánticas AGFP000 cuántico
cuantitativo AGMS000 cuantitativo
cuantitativos AGMP000 cuantitativo
cuantitativa AGFS000 cuantitativo
cuantitativas AGFP000 cuantitativo
cuarentones AGMP000 cuarentón
cuarentona AGFS000 cuarentón
cuarentón AGMS000 cuarentón
cuartelero AGMS000 cuartelero
cuarteleros AGMP000 cuartelero
cuartelera AGFS000 cuartelero
cuarteleras AGFP000 cuartelero
cuarterones AGMP000 cuarterón
cuarterona AGFS000 cuarterón
cuarterón AGMS000 cuarterón
cuatrero AGMS000 cuatrero
cuatreros AGMP000 cuatrero
cuatrera AGFS000 cuatrero
cuatreras AGFP000 cuatrero
cuatrimotor AGIS000 cuatrimotor
cuatrimotores AGIP000 cuatrimotor
cuatrimotor AGIS000 cuatrimotor
cuatrimotores AGIP000 cuatrimotor
cubano AGMS000 cubano
cubanos AGMP000 cubano
cubana AGFS000 cubano
cubanas AGFP000 cubano
cuco AGMS000 cuco
cucos AGMP000 cuco
cuca AGFS000 cuco
cucas AGFP000 cuco
cuentista AGIS000 cuentista
cuentistas AGIP000 cuentista
cuentista AGIS000 cuentista
cuentistas AGIP000 cuentista
cuerdo AGMS000 cuerdo
cuerdos AGMP000 cuerdo
cuerda AGFS000 cuerdo
cuerdas AGFP000 cuerdo
cuestionable AGIS000 cuestionable
cuestionables AGIP000 cuestionable
cuestionable AGIS000 cuestionable
cuestionables AGIP000 cuestionable
cuidado AGMS000 cuidado
cuidados AGMP000 cuidado
cuidada AGFS000 cuidado
cuidadas AGFP000 cuidado
cuidadoso AGMS000 cuidadoso
cuidadosos AGMP000 cuidadoso
cuidadosa AGFS000 cuidadoso
cuidadosas AGFP000 cuidadoso
cuitado AGMS000 cuitado
cuitados AGMP000 cuitado
cuitada AGFS000 cuitado
cuitadas AGFP000 cuitado
culinario AGMS000 culinario
culinarios AGMP000 culinario
culinaria AGFS000 culinario
culinarias AGFP000 culinario
culminante AGIS000 culminante
culminantes AGIP000 culminante
culminante AGIS000 culminante
culminantes AGIP000 culminante
culpable AGIS000 culpable
culpables AGIP000 culpable
culpable AGIS000 culpable
culpables AGIP000 culpable
culto AGMS000 culto
cultos AGMP000 culto
culta AGFS000 culto
cultas AGFP000 culto
cultural AGIS000 cultural
culturales AGIP000 cultural
cultural AGIS000 cultural
culturales AGIP000 cultural
cumplido AGMS000 cumplido
cumplidos AGMP000 cumplido
cumplida AGFS000 cumplido
cumplidas AGFP000 cumplido
cumplidor AGMS000 cumplidor
cumplidores AGMP000 cumplidor
cumplidora AGFS000 cumplidor
cumplidoras AGFP000 cumplidor
cuneiforme AGIS000 cuneiforme
cuneiformes AGIP000 cuneiforme
cuneiforme AGIS000 cuneiforme
cuneiformes AGIP000 cuneiforme
curativo AGMS000 curativo
curativos AGMP000 curativo
curativa AGFS000 curativo
curativas AGFP000 curativo
curdo AGMS000 curdo
curdos AGMP000 curdo
curda AGFS000 curdo
curdas AGFP000 curdo
curioso AGMS000 curioso
curiosos AGMP000 curioso
curiosa AGFS000 curioso
curiosas AGFP000 curioso
cursi AGIS000 cursi
cursis AGIP000 cursi
cursi AGIS000 cursi
cursis AGIP000 cursi
curvo AGMS000 curvo
curvos AGMP000 curvo
curva AGFS000 curvo
curvas AGFP000 curvo
curvado AGMS000 curvado
curvados AGMP000 curvado
curvada AGFS000 curvado
curvadas AGFP000 curvado
cutáneo AGMS000 cutáneo
cutáneos AGMP000 cutáneo
cutánea AGFS000 cutáneo
cutáneas AGFP000 cutáneo
