cómico AGMS000 cómico
cómicos AGMP000 cómico
cómica AGFS000 cómico
cómicas AGFP000 cómico
cómodo AGMS000 cómodo
cómodos AGMP000 cómodo
cómoda AGFS000 cómodo
cómodas AGFP000 cómodo
cómplice AGIS000 cómplice
cómplices AGIP000 cómplice
cómplice AGIS000 cómplice
cómplices AGIP000 cómplice
cóncavo AGMS000 cóncavo
cóncavos AGMP000 cóncavo
cóncava AGFS000 cóncavo
cóncavas AGFP000 cóncavo
cónico AGMS000 cónico
cónicos AGMP000 cónico
cónica AGFS000 cónico
cónicas AGFP000 cónico
córneo AGMS000 córneo
córneos AGMP000 córneo
córnea AGFS000 córneo
córneas AGFP000 córneo
cósmico AGMS000 cósmico
cósmicos AGMP000 cósmico
cósmica AGFS000 cósmico
cósmicas AGFP000 cósmico
