doble AGIS000 doble
dobles AGIP000 doble
doble AGIS000 doble
dobles AGIP000 doble
docente AGIS000 docente
docentes AGIP000 docente
docente AGIS000 docente
docentes AGIP000 docente
docto AGMS000 doct
doctos AGMP000 doct
docta AGFS000 doct
doctas AGFP000 doct
docto AGMS000 docto
doctos AGMP000 docto
docta AGFS000 docto
doctas AGFP000 docto
doctoral AGIS000 doctoral
doctorales AGIP000 doctoral
doctoral AGIS000 doctoral
doctorales AGIP000 doctoral
doctrinario AGMS000 doctrinario
doctrinarios AGMP000 doctrinario
doctrinaria AGFS000 doctrinario
doctrinarias AGFP000 doctrinario
documental AGIS000 documental
documentales AGIP000 documental
documental AGIS000 documental
documentales AGIP000 documental
dogmático AGMS000 dogmático
dogmáticos AGMP000 dogmático
dogmática AGFS000 dogmático
dogmáticas AGFP000 dogmático
doloroso AGMS000 doloroso
dolorosos AGMP000 doloroso
dolorosa AGFS000 doloroso
dolorosas AGFP000 doloroso
doméstico AGMS000 doméstico
domésticos AGMP000 doméstico
doméstica AGFS000 doméstico
domésticas AGFP000 doméstico
dominante AGIS000 dominante
dominantes AGIP000 dominante
dominante AGIS000 dominante
dominantes AGIP000 dominante
dominguero AGMS000 dominguero
domingueros AGMP000 dominguero
dominguera AGFS000 dominguero
domingueras AGFP000 dominguero
dominical AGIS000 dominical
dominicales AGIP000 dominical
dominical AGIS000 dominical
dominicales AGIP000 dominical
dominicano AGMS000 dominicano
dominicanos AGMP000 dominicano
dominicana AGFS000 dominicano
dominicanas AGFP000 dominicano
donairoso AGMS000 donairoso
donairosos AGMP000 donairoso
donairosa AGFS000 donairoso
donairosas AGFP000 donairoso
dorado AGMS000 dorado
dorados AGMP000 dorado
dorada AGFS000 dorado
doradas AGFP000 dorado
dormilones AGMP000 dormilón
dormilona AGFS000 dormilón
dormilón AGMS000 dormilón
dorsal AGIS000 dorsal
dorsales AGIP000 dorsal
dorsal AGIS000 dorsal
dorsales AGIP000 dorsal
