fiable AGIS000 fiable
fiables AGIP000 fiable
fiable AGIS000 fiable
fiables AGIP000 fiable
fiador AGMS000 fiador
fiadores AGMP000 fiador
fiadora AGFS000 fiador
fiadoras AGFP000 fiador
fiambre AGIS000 fiambre
fiambres AGIP000 fiambre
fiambre AGIS000 fiambre
fiambres AGIP000 fiambre
ficticio AGMS000 ficticio
ficticios AGMP000 ficticio
ficticia AGFS000 ficticio
ficticias AGFP000 ficticio
fidedigno AGMS000 fidedigno
fidedignos AGMP000 fidedigno
fidedigna AGFS000 fidedigno
fidedignas AGFP000 fidedigno
fiel AGIS000 fiel
fieles AGIP000 fiel
fiel AGIS000 fiel
fieles AGIP000 fiel
fiero AGMS000 fiero
fieros AGMP000 fiero
fiera AGFS000 fiero
fieras AGFP000 fiero
figurado AGMS000 figurado
figurados AGMP000 figurado
figurada AGFS000 figurado
figuradas AGFP000 figurado
figurativo AGMS000 figurativo
figurativos AGMP000 figurativo
figurativa AGFS000 figurativo
figurativas AGFP000 figurativo
fijo AGMS000 fijo
fijos AGMP000 fijo
fija AGFS000 fijo
fijas AGFP000 fijo
filarmónico AGMS000 filarmónico
filarmónicos AGMP000 filarmónico
filarmónica AGFS000 filarmónico
filarmónicas AGFP000 filarmónico
filial AGIS000 filial
filiales AGIP000 filial
filial AGIS000 filial
filiales AGIP000 filial
filipino AGMS000 filipino
filipinos AGMP000 filipino
filipina AGFS000 filipino
filipinas AGFP000 filipino
filosofal AGIS000 filosofal
filosofales AGIP000 filosofal
filosofal AGIS000 filosofal
filosofales AGIP000 filosofal
filosófico AGMS000 filosófico
filosóficos AGMP000 filosófico
filosófica AGFS000 filosófico
filosóficas AGFP000 filosófico
filosoviético AGMS000 filosoviético
filosoviéticos AGMP000 filosoviético
filosoviética AGFS000 filosoviético
filosoviéticas AGFP000 filosoviético
fino AGMS000 fino
finos AGMP000 fino
fina AGFS000 fino
finas AGFP000 fino
final AGIS000 final
finales AGIP000 final
final AGIS000 final
finales AGIP000 final
financiero AGMS000 financiero
financieros AGMP000 financiero
financiera AGFS000 financiero
financieras AGFP000 financiero
fineses AGMP000 finés
finesa AGFS000 finés
finés AGMS000 finés
fingido AGMS000 fingido
fingidos AGMP000 fingido
fingida AGFS000 fingido
fingidas AGFP000 fingido
finito AGMS000 finito
finitos AGMP000 finito
finita AGFS000 finito
finitas AGFP000 finito
finlandeses AGIP000 finlandés
finlandeses AGIP000 finlandés
finlandés AGIS000 finlandés
finlandés AGIS000 finlandés
firmante AGIS000 firmante
firmantes AGIP000 firmante
firmante AGIS000 firmante
firmantes AGIP000 firmante
firme AGIS000 firme
firmes AGIP000 firme
firme AGIS000 firme
firmes AGIP000 firme
fiscal AGIS000 fiscal
fiscales AGIP000 fiscal
fiscal AGIS000 fiscal
fiscales AGIP000 fiscal
fisiológico AGMS000 fisiológico
fisiológicos AGMP000 fisiológico
fisiológica AGFS000 fisiológico
fisiológicas AGFP000 fisiológico
