laberíntico AGMS000 laberíntico
laberínticos AGMP000 laberíntico
laberíntica AGFS000 laberíntico
laberínticas AGFP000 laberíntico
labial AGIS000 labial
labiales AGIP000 labial
labial AGIS000 labial
labiales AGIP000 labial
labiodental AGIS000 labiodental
labiodentales AGIP000 labiodental
labiodental AGIS000 labiodental
labiodentales AGIP000 labiodental
laborable AGIS000 laborable
laborables AGIP000 laborable
laborable AGIS000 laborable
laborables AGIP000 laborable
laboral AGIS000 laboral
laborales AGIP000 laboral
laboral AGIS000 laboral
laborales AGIP000 laboral
laboralista AGIS000 laboralista
laboralistas AGIP000 laboralista
laboralista AGIS000 laboralista
laboralistas AGIP000 laboralista
laborioso AGMS000 laborioso
laboriosos AGMP000 laborioso
laboriosa AGFS000 laborioso
laboriosas AGFP000 laborioso
laborista AGIS000 laborista
laboristas AGIP000 laborista
laborista AGIS000 laborista
laboristas AGIP000 laborista
labrado AGMS000 labrado
labrados AGMP000 labrado
labrada AGFS000 labrado
labradas AGFP000 labrado
labrantío AGMS000 labrantío
labrantíos AGMP000 labrantío
labrantía AGFS000 labrantío
labrantías AGFP000 labrantío
lacio AGMS000 lacio
lacios AGMP000 lacio
lacia AGFS000 lacio
lacias AGFP000 lacio
lacónico AGMS000 lacónico
lacónicos AGMP000 lacónico
lacónica AGFS000 lacónico
lacónicas AGFP000 lacónico
lacrimógeno AGMS000 lacrimógeno
lacrimógenos AGMP000 lacrimógeno
lacrimógena AGFS000 lacrimógeno
lacrimógenas AGFP000 lacrimógeno
lacrimoso AGMS000 lacrimoso
lacrimosos AGMP000 lacrimoso
lacrimosa AGFS000 lacrimoso
lacrimosas AGFP000 lacrimoso
lacustre AGIS000 lacustre
lacustres AGIP000 lacustre
lacustre AGIS000 lacustre
lacustres AGIP000 lacustre
ladino AGMS000 ladino
ladinos AGMP000 ladino
ladina AGFS000 ladino
ladinas AGFP000 ladino
ladronesco AGMS000 ladronesco
ladronescos AGMP000 ladronesco
ladronesca AGFS000 ladronesco
ladronescas AGFP000 ladronesco
lagrimoso AGMS000 lagrimoso
lagrimosos AGMP000 lagrimoso
lagrimosa AGFS000 lagrimoso
lagrimosas AGFP000 lagrimoso
laico AGMS000 laico
laicos AGMP000 laico
laica AGFS000 laico
laicas AGFP000 laico
lamentable AGIS000 lamentable
lamentables AGIP000 lamentable
lamentable AGIS000 lamentable
lamentables AGIP000 lamentable
laminado AGMS000 laminado
laminados AGMP000 laminado
laminada AGFS000 laminado
laminadas AGFP000 laminado
lampiño AGMS000 lampiño
lampiños AGMP000 lampiño
lampiña AGFS000 lampiño
lampiñas AGFP000 lampiño
lanar AGIS000 lanar
lanares AGIP000 lanar
lanar AGIS000 lanar
lanares AGIP000 lanar
lanero AGMS000 lanero
laneros AGMP000 lanero
lanera AGFS000 lanero
laneras AGFP000 lanero
lanoso AGMS000 lanoso
lanosos AGMP000 lanoso
lanosa AGFS000 lanoso
lanosas AGFP000 lanoso
lanudo AGMS000 lanudo
lanudos AGMP000 lanudo
lanuda AGFS000 lanudo
lanudas AGFP000 lanudo
laosiano AGMS000 laosiano
laosianos AGMP000 laosiano
laosiana AGFS000 laosiano
laosianas AGFP000 laosiano
lapidario AGMS000 lapidario
lapidarios AGMP000 lapidario
lapidaria AGFS000 lapidario
lapidarias AGFP000 lapidario
largo AGMS000 largo
largos AGMP000 largo
larga AGFS000 largo
largas AGFP000 largo
larguirucho AGMS000 larguirucho
larguiruchos AGMP000 larguirucho
larguirucha AGFS000 larguirucho
larguiruchas AGFP000 larguirucho
laso AGMS000 laso
lasos AGMP000 laso
lasa AGFS000 laso
lasas AGFP000 laso
lascivo AGMS000 lascivo
lascivos AGMP000 lascivo
lasciva AGFS000 lascivo
lascivas AGFP000 lascivo
lastimero AGMS000 lastimero
lastimeros AGMP000 lastimero
lastimera AGFS000 lastimero
lastimeras AGFP000 lastimero
lastimoso AGMS000 lastimoso
lastimosos AGMP000 lastimoso
lastimosa AGFS000 lastimoso
lastimosas AGFP000 lastimoso
latente AGIS000 latente
latentes AGIP000 latente
latente AGIS000 latente
latentes AGIP000 latente
lateral AGIS000 lateral
laterales AGIP000 lateral
lateral AGIS000 lateral
laterales AGIP000 lateral
latino AGMS000 latino
latinos AGMP000 latino
latina AGFS000 latino
latinas AGFP000 latino
latinoamericano AGMS000 latinoamericano
latinoamericanos AGMP000 latinoamericano
latinoamericana AGFS000 latinoamericano
latinoamericanas AGFP000 latinoamericano
latoso AGMS000 latoso
latosos AGMP000 latoso
latosa AGFS000 latoso
latosas AGFP000 latoso
laudable AGIS000 laudable
laudables AGIP000 laudable
laudable AGIS000 laudable
laudables AGIP000 laudable
laudatorio AGMS000 laudatorio
laudatorios AGMP000 laudatorio
laudatoria AGFS000 laudatorio
laudatorias AGFP000 laudatorio
laureado AGMS000 laureado
laureados AGMP000 laureado
laureada AGFS000 laureado
laureadas AGFP000 laureado
lavable AGIS000 lavable
lavables AGIP000 lavable
lavable AGIS000 lavable
lavables AGIP000 lavable
laxo AGMS000 laxo
laxos AGMP000 laxo
laxa AGFS000 laxo
laxas AGFP000 laxo
laxante AGIS000 laxante
laxantes AGIP000 laxante
laxante AGIS000 laxante
laxantes AGIP000 laxante
