placentero AGMS000 placentero
placenteros AGMP000 placentero
placentera AGFS000 placentero
placenteras AGFP000 placentero
plácido AGMS000 plácido
plácidos AGMP000 plácido
plácida AGFS000 plácido
plácidas AGFP000 plácido
plagiario AGMS000 plagiario
plagiarios AGMP000 plagiario
plagiaria AGFS000 plagiario
plagiarias AGFP000 plagiario
plano AGMS000 plano
planos AGMP000 plano
plana AGFS000 plano
planas AGFP000 plano
planetario AGMS000 planetario
planetarios AGMP000 planetario
planetaria AGFS000 planetario
planetarias AGFP000 planetario
plañidero AGMS000 plañidero
plañideros AGMP000 plañidero
plañidera AGFS000 plañidero
plañideras AGFP000 plañidero
plástico AGMS000 plástico
plásticos AGMP000 plástico
plástica AGFS000 plástico
plásticas AGFP000 plástico
plateado AGMS000 plateado
plateados AGMP000 plateado
plateada AGFS000 plateado
plateadas AGFP000 plateado
platónico AGMS000 platónico
platónicos AGMP000 platónico
platónica AGFS000 platónico
platónicas AGFP000 platónico
plausible AGIS000 plausible
plausibles AGIP000 plausible
plausible AGIS000 plausible
plausibles AGIP000 plausible
playero AGMS000 playero
playeros AGMP000 playero
playera AGFS000 playero
playeras AGFP000 playero
plebeyo AGMS000 plebeyo
plebeyos AGMP000 plebeyo
plebeya AGFS000 plebeyo
plebeyas AGFP000 plebeyo
plegable AGIS000 plegable
plegables AGIP000 plegable
plegable AGIS000 plegable
plegables AGIP000 plegable
pleno AGMS000 pleno
plenos AGMP000 pleno
plena AGFS000 pleno
plenas AGFP000 pleno
plenario AGMS000 plenario
plenarios AGMP000 plenario
plenaria AGFS000 plenario
plenarias AGFP000 plenario
plenipotenciario AGMS000 plenipotenciario
plenipotenciarios AGMP000 plenipotenciario
plenipotenciaria AGFS000 plenipotenciario
plenipotenciarias AGFP000 plenipotenciario
pletórico AGMS000 pletórico
pletóricos AGMP000 pletórico
pletórica AGFS000 pletórico
pletóricas AGFP000 pletórico
plumífero AGMS000 plumífero
plumíferos AGMP000 plumífero
plumífera AGFS000 plumífero
plumíferas AGFP000 plumífero
plural AGIS000 plural
plurales AGIP000 plural
plural AGIS000 plural
plurales AGIP000 plural
plurilingüe AGIS000 plurilingüe
plurilingües AGIP000 plurilingüe
plurilingüe AGIS000 plurilingüe
plurilingües AGIP000 plurilingüe
plusmarquista AGIS000 plusmarquista
plusmarquistas AGIP000 plusmarquista
plusmarquista AGIS000 plusmarquista
plusmarquistas AGIP000 plusmarquista
plutocrático AGMS000 plutocrático
plutocráticos AGMP000 plutocrático
plutocrática AGFS000 plutocrático
plutocráticas AGFP000 plutocrático
pluvial AGIS000 pluvial
pluviales AGIP000 pluvial
pluvial AGIS000 pluvial
pluviales AGIP000 pluvial
pluvioso AGMS000 pluvioso
pluviosos AGMP000 pluvioso
pluviosa AGFS000 pluvioso
pluviosas AGFP000 pluvioso
