vacante AGIS000 vacante
vacantes AGIP000 vacante
vacante AGIS000 vacante
vacantes AGIP000 vacante
vacío AGMS000 vacío
vacíos AGMP000 vacío
vacía AGFS000 vacío
vacías AGFP000 vacío
vacilante AGIS000 vacilante
vacilantes AGIP000 vacilante
vacilante AGIS000 vacilante
vacilantes AGIP000 vacilante
vacuo AGMS000 vacuo
vacuos AGMP000 vacuo
vacua AGFS000 vacuo
vacuas AGFP000 vacuo
vacuno AGMS000 vacuno
vacunos AGMP000 vacuno
vacuna AGFS000 vacuno
vacunas AGFP000 vacuno
vago AGMS000 vago
vagos AGMP000 vago
vaga AGFS000 vago
vagas AGFP000 vago
vagabundo AGMS000 vagabundo
vagabundos AGMP000 vagabundo
vagabunda AGFS000 vagabundo
vagabundas AGFP000 vagabundo
valedero AGMS000 valedero
valederos AGMP000 valedero
valedera AGFS000 valedero
valederas AGFP000 valedero
valenciano AGMS000 valenciano
valencianos AGMP000 valenciano
valenciana AGFS000 valenciano
valencianas AGFP000 valenciano
valentones AGMP000 valentón
valentona AGFS000 valentón
valentón AGMS000 valentón
valeroso AGMS000 valeroso
valerosos AGMP000 valeroso
valerosa AGFS000 valeroso
valerosas AGFP000 valeroso
valiente AGIS000 valiente
valientes AGIP000 valiente
valiente AGIS000 valiente
valientes AGIP000 valiente
valioso AGMS000 valioso
valiosos AGMP000 valioso
valiosa AGFS000 valioso
valiosas AGFP000 valioso
vano AGMS000 vano
vanos AGMP000 vano
vana AGFS000 vano
vanas AGFP000 vano
vanguardia AGIS000 vanguardia
vanguardias AGIP000 vanguardia
vanguardia AGIS000 vanguardia
vanguardias AGIP000 vanguardia
vanidoso AGMS000 vanidoso
vanidosos AGMP000 vanidoso
vanidosa AGFS000 vanidoso
vanidosas AGFP000 vanidoso
vaporoso AGMS000 vaporoso
vaporosos AGMP000 vaporoso
vaporosa AGFS000 vaporoso
vaporosas AGFP000 vaporoso
vaquero AGMS000 vaquero
vaqueros AGMP000 vaquero
vaquera AGFS000 vaquero
vaqueras AGFP000 vaquero
vario AGMS000 vario
varios AGMP000 vario
varia AGFS000 vario
varias AGFP000 vario
variable AGIS000 variable
variables AGIP000 variable
variable AGIS000 variable
variables AGIP000 variable
variante AGIS000 variante
variantes AGIP000 variante
variante AGIS000 variante
variantes AGIP000 variante
varones AGIP000 varón
varones AGIP000 varón
varón AGIS000 varón
varón AGIS000 varón
varonil AGIS000 varonil
varoniles AGIP000 varonil
varonil AGIS000 varonil
varoniles AGIP000 varonil
varsoviano AGMS000 varsoviano
varsovianos AGMP000 varsoviano
varsoviana AGFS000 varsoviano
varsovianas AGFP000 varsoviano
vasallo AGMS000 vasallo
vasallos AGMP000 vasallo
vasalla AGFS000 vasallo
vasallas AGFP000 vasallo
vasco AGMS000 vasco
vascos AGMP000 vasco
vasca AGFS000 vasco
vascas AGFP000 vasco
vascongado AGMS000 vascongado
vascongados AGMP000 vascongado
vascongada AGFS000 vascongado
vascongadas AGFP000 vascongado
vascuence AGIS000 vascuence
vascuences AGIP000 vascuence
vascuence AGIS000 vascuence
vascuences AGIP000 vascuence
vascular AGIS000 vascular
vasculares AGIP000 vascular
vascular AGIS000 vascular
vasculares AGIP000 vascular
vasto AGMS000 vasto
vastos AGMP000 vasto
vasta AGFS000 vasto
vastas AGFP000 vasto
vaticano AGMS000 vaticano
vaticanos AGMP000 vaticano
vaticana AGFS000 vaticano
vaticanas AGFP000 vaticano
