biberones NCMP000 biberón
biberón NCMS000 biberón
bibiana NP00000 bibiana
bibiano NP00000 bibiano
bibliófila NCFS000 bibliófila
bibliófilas NCFP000 bibliófila
bibliofilia NCFS000 bibliofilia
bibliofilias NCFP000 bibliofilia
bibliófilo NCMS000 bibliófilo
bibliófilos NCMP000 bibliófilo
bibliógrafa NCFS000 bibliógrafa
bibliógrafas NCFP000 bibliógrafa
bibliografía NCFS000 bibliografía
bibliografías NCFP000 bibliografía
bibliógrafo NCMS000 bibliógrafo
bibliógrafos NCMP000 bibliógrafo
biblioteca NCFS000 biblioteca
bibliotecas NCFP000 biblioteca
bibliotecaria NCFS000 bibliotecaria
bibliotecarias NCFP000 bibliotecaria
bibliotecario NCMS000 bibliotecario
bibliotecarios NCMP000 bibliotecario
bicarbonato NCMS000 bicarbonato
bicarbonatos NCMP000 bicarbonato
bicicleta NCFS000 bicicleta
bicicletas NCFP000 bicicleta
bicoca NCFS000 bicoca
bicocas NCFP000 bicoca
bicha NCFS000 bicha
bichas NCFP000 bicha
bicharraco NCMS000 bicharraco
bicharracos NCMP000 bicharraco
bichero NCMS000 bichero
bicheros NCMP000 bichero
bicho NCMS000 bicho
bichos NCMP000 bicho
bidones NCMP000 bidón
bidón NCMS000 bidón
biela NCFS000 biela
bielas NCFP000 biela
bieldo NCMS000 bieldo
bieldos NCMP000 bieldo
bielorrusa NCFS000 bielorrusa
bielorrusas NCFP000 bielorrusa
bielorruso NCMS000 bielorruso
bielorrusos NCMP000 bielorruso
bien NCMS000 bien
bienes NCMP000 bien
bienal NCFS000 bienal
bienales NCFP000 bienal
bienandanza NCFS000 bienandanza
bienandanzas NCFP000 bienandanza
bienestar NCMS000 bienestar
bienestares NCMP000 bienestar
bienhechor NCMS000 bienhechor
bienhechores NCMP000 bienhechor
bienhechora NCFS000 bienhechora
bienhechoras NCFP000 bienhechora
bienio NCMS000 bienio
bienios NCMP000 bienio
bienvenida NCFS000 bienvenida
bienvenidas NCFP000 bienvenida
bienvenida NP00000 bienvenida
bienvenido NP00000 bienvenido
biftec NCMS000 biftec
biftecs NCMP000 biftec
bifurcaciones NCFP000 bifurcación
bifurcación NCFS000 bifurcación
bigamia NCFS000 bigamia
bigamias NCFP000 bigamia
bigote NCMS000 bigote
bigotes NCMP000 bigote
bigotudo NCMS000 bigotudo
bigotudos NCMP000 bigotudo
bilingüismo NCMS000 bilingüismo
bilingüismos NCMP000 bilingüismo
bilis NCFS000 bilis
bilis NCFP000 bilis
billar NCMS000 billar
billares NCMP000 billar
billete NCMS000 billete
billetes NCMP000 billete
billones NCMP000 billón
billón NCMS000 billón
bimotor NCMS000 bimotor
bimotores NCMP000 bimotor
bingo NCMS000 bingo
bingos NCMP000 bingo
binoculares NCMP000 binoculares
binóculo NCMS000 binóculo
binóculos NCMP000 binóculo
biógrafa NCFS000 biógrafa
biógrafas NCFP000 biógrafa
biografía NCFS000 biografía
biografías NCFP000 biografía
biógrafo NCMS000 biógrafo
biógrafos NCMP000 biógrafo
bióloga NCFS000 bióloga
biólogas NCFP000 bióloga
biología NCFS000 biología
biologías NCFP000 biología
biólogo NCMS000 biólogo
biólogos NCMP000 biólogo
biombo NCMS000 biombo
biombos NCMP000 biombo
biquini NCMS000 biquini
biquinis NCMP000 biquini
birmana NCFS000 birmana
birmanas NCFP000 birmana
birmano NCMS000 birmano
birmanos NCMP000 birmano
birrete NCMS000 birrete
birretes NCMP000 birrete
birria NCFS000 birria
birrias NCFP000 birria
bisabuela NCFS000 bisabuela
bisabuelas NCFP000 bisabuela
bisabuelo NCMS000 bisabuelo
bisabuelos NCMP000 bisabuelo
bisagra NCFS000 bisagra
bisagras NCFP000 bisagra
bismuto NCMS000 bismuto
bismutos NCMP000 bismuto
bisnieta NCFS000 bisnieta
bisnietas NCFP000 bisnieta
bisnieto NCMS000 bisnieto
bisnietos NCMP000 bisnieto
bisoja NCFS000 bisoja
bisojas NCFP000 bisoja
bisojo NCMS000 bisojo
bisojos NCMP000 bisojo
bisonte NCMS000 bisonte
bisontes NCMP000 bisonte
bisoño NCMS000 bisoño
bisoños NCMP000 bisoño
bisté NCMS000 bisté
bistés NCMP000 bisté
bisturí NCMS000 bisturí
bisturís NCMP000 bisturí
bisutería NCFS000 bisutería
bisuterías NCFP000 bisutería
bizarro NCFS000 bizarro
bizarros NCFP000 bizarro
bizca NCFS000 bizca
bizcas NCFP000 bizca
bizco NCMS000 bizco
bizcos NCMP000 bizco
bizcocha NCFS000 bizcocha
bizcochas NCFP000 bizcocha
bizcocho NCMS000 bizcocho
bizcochos NCMP000 bizcocho
biznieta NCFS000 biznieta
biznietas NCFP000 biznieta
biznieto NCMS000 biznieto
biznietos NCMP000 biznieto
