ce NCFS000 ce
ces NCFP000 ce
ceba NCFS000 ceba
cebas NCFP000 ceba
cebada NCFS000 cebada
cebadas NCFP000 cebada
cebellina NCFS000 cebellina
cebellinas NCFP000 cebellina
cebo NCMS000 cebo
cebos NCMP000 cebo
cebolla NCFS000 cebolla
cebollas NCFP000 cebolla
cebolleta NCFS000 cebolleta
cebolletas NCFP000 cebolleta
cebollino NCMS000 cebollino
cebollinos NCMP000 cebollino
cebra NCFS000 cebra
cebras NCFP000 cebra
cebú NCMS000 cebú
cebús NCMP000 cebú
ceca NCFS000 ceca
cecas NCFP000 ceca
ceceo NCMS000 ceceo
ceceos NCMP000 ceceo
cecilia NP00000 cecilia
ceda NCFS000 ceda
cedas NCFP000 ceda
cedro NCMS000 cedro
cedros NCMP000 cedro
cefalópodo NCMS000 cefalópodo
cefalópodos NCMP000 cefalópodo
ceferina NP00000 ceferina
ceferino NP00000 ceferino
ceguedad NCFS000 ceguedad
ceguedades NCFP000 ceguedad
ceguera NCFS000 ceguera
cegueras NCFP000 ceguera
ceja NCFS000 ceja
cejas NCFP000 ceja
celada NCFS000 celada
celadas NCFP000 celada
celda NCFS000 celda
celdas NCFP000 celda
celdilla NCFS000 celdilla
celdillas NCFP000 celdilla
celebraciones NCFP000 celebración
celebración NCFS000 celebración
celebridad NCFS000 celebridad
celebridades NCFP000 celebridad
celedonio NP00000 celedonio
celeridad NCFS000 celeridad
celeridades NCFP000 celeridad
celeste NCMS000 celeste
celestes NCMP000 celeste
celeste NP00000 celeste
celestina NCFS000 celestina
celestinas NCFP000 celestina
celestino NP00000 celestino
celia NP00000 celia
celibato NCMS000 celibato
celibatos NCMP000 celibato
celica NP00000 celica
celide NP00000 celide
celina NP00000 celina
celinda NP00000 celinda
celio NP00000 celio
celmira NP00000 celmira
celo NCMS000 celo
celos NCMP000 celo
celofanes NCMP000 celofán
celofán NCMS000 celofán
celosía NCFS000 celosía
celosías NCFP000 celosía
celsa NP00000 celsa
celso NP00000 celso
celular NCMS000 celular
celulares NCMP000 celular
cementerio NCMS000 cementerio
cementerios NCMP000 cementerio
cemento NCMS000 cemento
cementos NCMP000 cemento
cena NCFS000 cena
cenas NCFP000 cena
cenáculo NCMS000 cenáculo
cenáculos NCMP000 cenáculo
cenagal NCMS000 cenagal
cenagales NCMP000 cenagal
cencerro NCMS000 cencerro
cencerros NCMP000 cencerro
cenicero NCMS000 cenicero
ceniceros NCMP000 cenicero
cenicienta NCFS000 cenicienta
cenicientas NCFP000 cenicienta
cenit NCMS000 cenit
cenites NCMP000 cenit
ceniza NCFS000 ceniza
cenizas NCFP000 ceniza
censo NCMS000 censo
censos NCMP000 censo
censor NCMS000 censor
censores NCMP000 censor
censura NCFS000 censura
censuras NCFP000 censura
centavo NCMS000 centavo
centavos NCMP000 centavo
centella NCFS000 centella
centellas NCFP000 centella
centena NCFS000 centena
centenas NCFP000 centena
centenar NCMS000 centenar
centenares NCMP000 centenar
centenaria NCFS000 centenaria
centenarias NCFP000 centenaria
centenario NCMS000 centenario
centenarios NCMP000 centenario
centeno NCMS000 centeno
centenos NCMP000 centeno
centésima NCFS000 centésima
centésimas NCFP000 centésima
centésimo NCMS000 centésimo
centésimos NCMP000 centésimo
centímetro NCMS000 centímetro
centímetros NCMP000 centímetro
centinela NCMS000 centinela
centinelas NCMP000 centinela
centola NP00000 centola
central NCFS000 central
centrales NCFP000 central
central NCMS000 central
centrales NCMP000 central
centralilla NCFS000 centralilla
centralillas NCFP000 centralilla
centrífuga NCFS000 centrífuga
centrífugas NCFP000 centrífuga
centrismo NCMS000 centrismo
centrismos NCMP000 centrismo
centrista NCIS000 centrista
centristas NCIP000 centrista
centro NCMS000 centro
centros NCMP000 centro
centroamericana NCFS000 centroamericana
centroamericanas NCFP000 centroamericana
centroamericano NCMS000 centroamericano
centroamericanos NCMP000 centroamericano
centroeuropea NCFS000 centroeuropea
centroeuropeas NCFP000 centroeuropea
centroeuropeo NCMS000 centroeuropeo
centroeuropeos NCMP000 centroeuropeo
ceño NCMS000 ceño
ceños NCMP000 ceño
cepa NCFS000 cepa
cepas NCFP000 cepa
cepillo NCMS000 cepillo
cepillos NCMP000 cepillo
cepo NCMS000 cepo
cepos NCMP000 cepo
ceporra NCFS000 ceporra
ceporras NCFP000 ceporra
ceporro NCMS000 ceporro
ceporros NCMP000 ceporro
cera NCFS000 cera
ceras NCFP000 cera
cerámica NCFS000 cerámica
cerámicas NCFP000 cerámica
cerbatana NCFS000 cerbatana
cerbatanas NCFP000 cerbatana
cerca NCFS000 cerca
cercas NCFP000 cerca
cercas NCMP000 cercas
cerca NP00000 cerca
cercado NCMS000 cercado
cercados NCMP000 cercado
cercanía NCFS000 cercanía
cercanías NCFP000 cercanía
cerco NCMS000 cerco
cercos NCMP000 cerco
cerda NCFS000 cerda
cerdas NCFP000 cerda
cerdo NCMS000 cerdo
cerdos NCMP000 cerdo
cereales NCFP000 cereales
cereal NCMS000 cereal
cereales NCMP000 cereal
cerebro NCMS000 cerebro
cerebros NCMP000 cerebro
ceremonia NCFS000 ceremonia
ceremonias NCFP000 ceremonia
ceremonial NCMS000 ceremonial
ceremoniales NCMP000 ceremonial
cereza NCFS000 cereza
cerezas NCFP000 cereza
cerezo NCMS000 cerezo
cerezos NCMP000 cerezo
cerilla NCFS000 cerilla
cerillas NCFP000 cerilla
cerillera NCFS000 cerillera
cerilleras NCFP000 cerillera
cerillero NCMS000 cerillero
cerilleros NCMP000 cerillero
cernícalo NCMS000 cernícalo
cernícalos NCMP000 cernícalo
cernidillo NCMS000 cernidillo
cernidillos NCMP000 cernidillo
cernido NCMS000 cernido
cernidos NCMP000 cernido
cero NCMS000 cero
ceros NCMP000 cero
cerradura NCFS000 cerradura
cerraduras NCFP000 cerradura
cerrajero NCMS000 cerrajero
cerrajeros NCMP000 cerrajero
cerrazones NCFP000 cerrazón
cerrazón NCFS000 cerrazón
cerrojo NCMS000 cerrojo
cerrojos NCMP000 cerrojo
certamen NCMS000 certamen
certámenes NCMP000 certamen
certeza NCFS000 certeza
certezas NCFP000 certeza
certidumbre NCFS000 certidumbre
certidumbres NCFP000 certidumbre
certificado NCMS000 certificado
certificados NCMP000 certificado
certitud NCFS000 certitud
certitudes NCFP000 certitud
cervecera NCFS000 cervecera
cerveceras NCFP000 cervecera
cervecería NCFS000 cervecería
cervecerías NCFP000 cervecería
cervecero NCMS000 cervecero
cerveceros NCMP000 cervecero
cerveza NCFS000 cerveza
cervezas NCFP000 cerveza
cervices NCFP000 cerviz
cerviz NCFS000 cerviz
cesante NCIS000 cesante
cesantes NCIP000 cesante
cesantía NCFS000 cesantía
cesantías NCFP000 cesantía
cesar NCMS000 cesar
cesares NCMP000 cesar
cesare NP00000 cesare
cesaria NP00000 cesaria
cesarina NP00000 cesarina
cesario NP00000 cesario
cesarión NP00000 cesarión
cese NCMS000 cese
ceses NCMP000 cese
cesia NP00000 cesia
cesiones NCFP000 cesión
cesión NCFS000 cesión
cesira NP00000 cesira
cesta NCFS000 cesta
cestas NCFP000 cesta
cestera NCFS000 cestera
cesteras NCFP000 cestera
cestero NCMS000 cestero
cesteros NCMP000 cestero
cesto NCMS000 cesto
cestos NCMP000 cesto
cetrería NCFS000 cetrería
cetrerías NCFP000 cetrería
cetrero NCMS000 cetrero
cetreros NCMP000 cetrero
cetro NCMS000 cetro
cetros NCMP000 cetro
