gabanes NCMP000 gabán
gabán NCMS000 gabán
gabardina NCFS000 gabardina
gabardinas NCFP000 gabardina
gabelo NP00000 gabelo
gabina NP00000 gabina
gabinete NCMS000 gabinete
gabinetes NCMP000 gabinete
gabino NP00000 gabino
gabriel NP00000 gabriel
gabriela NP00000 gabriela
gaceta NCFS000 gaceta
gacetas NCFP000 gaceta
gacetilla NCFS000 gacetilla
gacetillas NCFP000 gacetilla
gacetillera NCFS000 gacetillera
gacetilleras NCFP000 gacetillera
gacetillero NCMS000 gacetillero
gacetilleros NCMP000 gacetillero
gachas NCFP000 gachas
gachupines NCMP000 gachupín
gachupín NCMS000 gachupín
gachupina NCFS000 gachupina
gachupinas NCFP000 gachupina
gad NP00000 gad
gadiel NP00000 gadiel
gaditana NCFS000 gaditana
gaditanas NCFP000 gaditana
gaditano NCMS000 gaditano
gaditanos NCMP000 gaditano
gafas NCFP000 gafas
gafe NCMS000 gafe
gafes NCMP000 gafe
gaia NP00000 gaia
gaita NCFS000 gaita
gaitas NCFP000 gaita
gaitero NCMS000 gaitero
gaiteros NCMP000 gaitero
gajes NCMP000 gajes
gajo NCMS000 gajo
gajos NCMP000 gajo
gal NP00000 gal
gala NCFS000 gala
galas NCFP000 gala
gala NP00000 gala
galanes NCMP000 galán
galán NCMS000 galán
galanteo NCMS000 galanteo
galanteos NCMP000 galanteo
galantería NCFS000 galantería
galanterías NCFP000 galantería
galanura NCFS000 galanura
galanuras NCFP000 galanura
galápago NCMS000 galápago
galápagos NCMP000 galápago
galardones NCMP000 galardón
galardón NCMS000 galardón
galatea NP00000 galatea
galaxia NCFS000 galaxia
galaxias NCFP000 galaxia
galeaso NP00000 galeaso
galeno NCMS000 galeno
galenos NCMP000 galeno
galeno NP00000 galeno
galeones NCMP000 galeón
galeón NCMS000 galeón
galeote NCMS000 galeote
galeotes NCMP000 galeote
galera NCFS000 galera
galeras NCFP000 galera
galerada NCFS000 galerada
galeradas NCFP000 galerada
galería NCFS000 galería
galerías NCFP000 galería
galga NCFS000 galga
galgas NCFP000 galga
galgo NCMS000 galgo
galgos NCMP000 galgo
galia NP00000 galia
galicismo NCMS000 galicismo
galicismos NCMP000 galicismo
galileo NP00000 galileo
galimatías NCMS000 galimatías
galimatíases NCMP000 galimatías
galio NCMS000 galio
galios NCMP000 galio
galit NP00000 galit
galo NCMS000 galo
galos NCMP000 galo
galo NP00000 galo
galones NCMP000 galón
galón NCMS000 galón
galope NCMS000 galope
galopes NCMP000 galope
galopines NCMP000 galopín
galopín NCMS000 galopín
galpones NCMP000 galpón
galpón NCMS000 galpón
gallardía NCFS000 gallardía
gallardías NCFP000 gallardía
gallega NCFS000 gallega
gallegas NCFP000 gallega
gallego NCMS000 gallego
gallegos NCMP000 gallego
galleguismo NCMS000 galleguismo
galleguismos NCMP000 galleguismo
galleta NCFS000 galleta
galletas NCFP000 galleta
gallina NCFS000 gallina
gallinas NCFP000 gallina
gallina NCIS000 gallina
gallinas NCIP000 gallina
gallinazo NCMS000 gallinazo
gallinazos NCMP000 gallinazo
gallinero NCMS000 gallinero
gallineros NCMP000 gallinero
gallito NCMS000 gallito
gallitos NCMP000 gallito
gallo NCMS000 gallo
gallos NCMP000 gallo
gama NCFS000 gama
gamas NCFP000 gama
gamal NP00000 gamal
gamberra NCFS000 gamberra
gamberras NCFP000 gamberra
gamberrada NCFS000 gamberrada
gamberradas NCFP000 gamberrada
gamberrismo NCMS000 gamberrismo
gamberrismos NCMP000 gamberrismo
gamberro NCMS000 gamberro
gamberros NCMP000 gamberro
gamo NCMS000 gamo
gamos NCMP000 gamo
gamuza NCFS000 gamuza
gamuzas NCFP000 gamuza
gana NCFS000 gana
ganas NCFP000 gana
ganadería NCFS000 ganadería
ganaderías NCFP000 ganadería
ganadero NCMS000 ganadero
ganaderos NCMP000 ganadero
ganado NCMS000 ganado
ganados NCMP000 ganado
ganancia NCFS000 ganancia
ganancias NCFP000 ganancia
ganapanes NCMP000 ganapán
ganapán NCMS000 ganapán
ganchillo NCMS000 ganchillo
ganchillos NCMP000 ganchillo
gancho NCMS000 gancho
ganchos NCMP000 gancho
gandolfo NP00000 gandolfo
gandul NCFS000 gandul
gandules NCFP000 gandul
gandul NCMS000 gandul
gandules NCMP000 gandul
gandulería NCFS000 gandulería
gandulerías NCFP000 gandulería
ganga NCFS000 ganga
gangas NCFP000 ganga
gangosa NCFS000 gangosa
gangosas NCFP000 gangosa
gangoso NCMS000 gangoso
gangosos NCMP000 gangoso
gangrena NCFS000 gangrena
gangrenas NCFP000 gangrena
gangsterismo NCMS000 gangsterismo
gangsterismos NCMP000 gangsterismo
gansa NCFS000 gansa
gansas NCFP000 gansa
gansada NCFS000 gansada
gansadas NCFP000 gansada
ganso NCMS000 ganso
gansos NCMP000 ganso
ganzúa NCFS000 ganzúa
ganzúas NCFP000 ganzúa
gañanes NCMP000 gañán
gañán NCMS000 gañán
garabato NCMS000 garabato
garabatos NCMP000 garabato
garaje NCMS000 garaje
garajes NCMP000 garaje
garante NCIS000 garante
garantes NCIP000 garante
garantía NCFS000 garantía
garantías NCFP000 garantía
garbancera NCFS000 garbancera
garbanceras NCFP000 garbancera
garbancero NCMS000 garbancero
garbanceros NCMP000 garbancero
garbanzal NCMS000 garbanzal
garbanzales NCMP000 garbanzal
garbanzo NCMS000 garbanzo
garbanzos NCMP000 garbanzo
garbeo NCMS000 garbeo
garbeos NCMP000 garbeo
garbo NCMS000 garbo
garbos NCMP000 garbo
garcía NP00000 garcía
garcilaso NP00000 garcilaso
gardenia NP00000 gardenia
garduña NCFS000 garduña
garduñas NCFP000 garduña
garganta NCFS000 garganta
gargantas NCFP000 garganta
garibaldo NP00000 garibaldo
garita NCFS000 garita
garitas NCFP000 garita
garlopa NCFS000 garlopa
garlopas NCFP000 garlopa
garra NCFS000 garra
garras NCFP000 garra
garrafa NCFS000 garrafa
garrafas NCFP000 garrafa
garrapata NCFS000 garrapata
garrapatas NCFP000 garrapata
garrapato NCMS000 garrapato
garrapatos NCMP000 garrapato
garrocha NCFS000 garrocha
garrochas NCFP000 garrocha
garrota NCFS000 garrota
garrotas NCFP000 garrota
garrote NCMS000 garrote
garrotes NCMP000 garrote
garza NCFS000 garza
garzas NCFP000 garza
gas NCMS000 gas
gases NCMP000 gas
gas-oil NCMS000 gas-oil
gasa NCFS000 gasa
gasas NCFP000 gasa
gaseosa NCFS000 gaseosa
gaseosas NCFP000 gaseosa
gasoducto NCMS000 gasoducto
gasoductos NCMP000 gasoducto
gasoil NCMS000 gasoil
gasóleo NCMS000 gasóleo
gasóleos NCMP000 gasóleo
gasolina NCFS000 gasolina
gasolinas NCFP000 gasolina
gasolinera NCFS000 gasolinera
gasolineras NCFP000 gasolinera
gaspar NP00000 gaspar
gasto NCMS000 gasto
gastos NCMP000 gasto
gastón NP00000 gastón
gastritis NCFS000 gastritis
gastritis NCFP000 gastritis
gastrónoma NCFS000 gastrónoma
gastrónomas NCFP000 gastrónoma
gastrónomo NCMS000 gastrónomo
gastrónomos NCMP000 gastrónomo
gata NCFS000 gata
gatas NCFP000 gata
gatillo NCMS000 gatillo
gatillos NCMP000 gatillo
gato NCMS000 gato
gatos NCMP000 gato
gaucha NCFS000 gaucha
gauchas NCFP000 gaucha
gaucho NCMS000 gaucho
gauchos NCMP000 gaucho
gaudencio NP00000 gaudencio
gaveta NCFS000 gaveta
gavetas NCFP000 gaveta
gavilanes NCMP000 gavilán
gavilán NCMS000 gavilán
gavilla NCFS000 gavilla
gavillas NCFP000 gavilla
gaviota NCFS000 gaviota
gaviotas NCFP000 gaviota
gazapatones NCMP000 gazapatón
gazapatón NCMS000 gazapatón
gazapera NCFS000 gazapera
gazaperas NCFP000 gazapera
gazapo NCMS000 gazapo
gazapos NCMP000 gazapo
gazmoña NCFS000 gazmoña
gazmoñas NCFP000 gazmoña
gazmoñada NCFS000 gazmoñada
gazmoñadas NCFP000 gazmoñada
gazmoño NCMS000 gazmoño
gazmoños NCMP000 gazmoño
gazpacho NCMS000 gazpacho
gazpachos NCMP000 gazpacho
gazuza NCFS000 gazuza
gazuzas NCFP000 gazuza
