jabalí NCMS000 jabalí
jabalíes NCMP000 jabalí
jabel NP00000 jabel
jabones NCMP000 jabón
jabón NCMS000 jabón
jabonera NCFS000 jabonera
jaboneras NCFP000 jabonera
jaca NCFS000 jaca
jacas NCFP000 jaca
jacinta NP00000 jacinta
jacinto NCMS000 jacinto
jacintos NCMP000 jacinto
jacinto NP00000 jacinto
jack NP00000 jack
jacob NP00000 jacob
jacobo NP00000 jacobo
jacquelina NP00000 jacquelina
jacqueline NP00000 jacqueline
jacques NP00000 jacques
jactancia NCFS000 jactancia
jactancias NCFP000 jactancia
jactanciosa NCFS000 jactanciosa
jactanciosas NCFP000 jactanciosa
jactancioso NCMS000 jactancioso
jactanciosos NCMP000 jactancioso
jadeo NCMS000 jadeo
jadeos NCMP000 jadeo
jaeces NCMP000 jaez
jael NP00000 jael
jaez NCMS000 jaez
jaguar NCMS000 jaguar
jaguares NCMP000 jaguar
jaia NP00000 jaia
jaime NP00000 jaime
jair NP00000 jair
jairo NP00000 jairo
jalea NCFS000 jalea
jaleas NCFP000 jalea
jaleo NCMS000 jaleo
jaleos NCMP000 jaleo
jalil NP00000 jalil
jalissat NP00000 jalissat
jalones NCMP000 jalón
jalón NCMS000 jalón
james NP00000 james
jamila NP00000 jamila
jamones NCMP000 jamón
jamón NCMS000 jamón
jana NP00000 jana
janice NP00000 janice
jano NP00000 jano
japoneses NCMP000 japonés
japonés NCMS000 japonés
japonesa NCFS000 japonesa
japonesas NCFP000 japonesa
jaque NCMS000 jaque
jaques NCMP000 jaque
jaqueca NCFS000 jaqueca
jaquecas NCFP000 jaqueca
jara NCFS000 jara
jaras NCFP000 jara
jarabe NCMS000 jarabe
jarabes NCMP000 jarabe
jarana NCFS000 jarana
jaranas NCFP000 jarana
jardines NCMP000 jardín
jardín NCMS000 jardín
jardinera NCFS000 jardinera
jardineras NCFP000 jardinera
jardinero NCMS000 jardinero
jardineros NCMP000 jardinero
jardinista NCIS000 jardinista
jardinistas NCIP000 jardinista
jarra NCFS000 jarra
jarras NCFP000 jarra
jarro NCMS000 jarro
jarros NCMP000 jarro
jarrones NCMP000 jarrón
jarrón NCMS000 jarrón
jasón NP00000 jasón
jaula NCFS000 jaula
jaulas NCFP000 jaula
jauría NCFS000 jauría
jaurías NCFP000 jauría
javier NP00000 javier
javiera NP00000 javiera
jazmines NCMP000 jazmín
jazmín NCMS000 jazmín
jazmín NP00000 jazmín
