keila NP00000 keila
kemberley NP00000 kemberley
ken NP00000 ken
kenji NP00000 kenji
kenneth NP00000 kenneth
keren NP00000 keren
kevin NP00000 kevin
