sabana NCFS000 sabana
sabanas NCFP000 sabana
sabelio NP00000 sabelio
sabelotodo NCIS000 sabelotodo
sabelotodos NCIP000 sabelotodo
saber NCMS000 saber
saberes NCMP000 saber
sabia NCFS000 sabia
sabias NCFP000 sabia
sabiduría NCFS000 sabiduría
sabidurías NCFP000 sabiduría
sabihondo NCIS000 sabihondo
sabihondos NCIP000 sabihondo
sabina NP00000 sabina
sabino NP00000 sabino
sabio NCMS000 sabio
sabios NCMP000 sabio
sable NCMS000 sable
sables NCMP000 sable
sabor NCMS000 sabor
sabores NCMP000 sabor
sabotaje NCMS000 sabotaje
sabotajes NCMP000 sabotaje
saboteador NCMS000 saboteador
saboteadores NCMP000 saboteador
saboteadora NCFS000 saboteadora
saboteadoras NCFP000 saboteadora
sabrina NP00000 sabrina
sabueso NCMS000 sabueso
sabuesos NCMP000 sabueso
sacacorchos NCMS000 sacacorchos
sacacorchos NCMP000 sacacorchos
sacerdote NCFS000 sacerdote
sacerdotes NCFP000 sacerdote
sacerdote NCMS000 sacerdote
sacerdotes NCMP000 sacerdote
saciedad NCFS000 saciedad
saciedades NCFP000 saciedad
saco NCMS000 saco
sacos NCMP000 saco
sacramento NCMS000 sacramento
sacramentos NCMP000 sacramento
sacrificio NCMS000 sacrificio
sacrificios NCMP000 sacrificio
sacrílega NCFS000 sacrílega
sacrílegas NCFP000 sacrílega
sacrilegio NCMS000 sacrilegio
sacrilegios NCMP000 sacrilegio
sacrílego NCMS000 sacrílego
sacrílegos NCMP000 sacrílego
sacudida NCFS000 sacudida
sacudidas NCFP000 sacudida
sacha NP00000 sacha
sadismo NCMS000 sadismo
sadismos NCMP000 sadismo
sadoc NP00000 sadoc
saeta NCFS000 saeta
saetas NCFP000 saeta
safira NP00000 safira
safo NP00000 safo
sajones NCMP000 sajón
sajón NCMS000 sajón
sajona NCFS000 sajona
sajonas NCFP000 sajona
sal NCFS000 sal
sales NCFP000 sal
sala NCFS000 sala
salas NCFP000 sala
salaberga NP00000 salaberga
salado NCMS000 salado
salados NCMP000 salado
salamandra NCFS000 salamandra
salamandras NCFP000 salamandra
salario NCMS000 salario
salarios NCMP000 salario
salazones NCMP000 salazón
salazón NCMS000 salazón
salchicha NCFS000 salchicha
salchichas NCFP000 salchicha
salchichones NCMP000 salchichón
salchichón NCMS000 salchichón
saldo NCMS000 saldo
saldos NCMP000 saldo
salero NCMS000 salero
saleros NCMP000 salero
salida NCFS000 salida
salidas NCFP000 salida
saliente NCMS000 saliente
salientes NCMP000 saliente
saliva NCFS000 saliva
salivas NCFP000 saliva
salmo NCMS000 salmo
salmos NCMP000 salmo
salmones NCMP000 salmón
salmón NCMS000 salmón
salomé NP00000 salomé
salomón NP00000 salomón
salones NCMP000 salón
salón NCMS000 salón
salpicadura NCFS000 salpicadura
salpicaduras NCFP000 salpicadura
salsa NCFS000 salsa
salsas NCFP000 salsa
salsera NCFS000 salsera
salseras NCFP000 salsera
saltamontes NCMS000 saltamontes
saltamontes NCMP000 saltamontes
salteador NCMS000 salteador
salteadores NCMP000 salteador
salteadora NCFS000 salteadora
salteadoras NCFP000 salteadora
salterio NCMS000 salterio
salterios NCMP000 salterio
salto NCMS000 salto
saltos NCMP000 salto
salud NCFS000 salud
saludes NCFP000 salud
saludo NCMS000 saludo
saludos NCMP000 saludo
salustio NP00000 salustio
salutaciones NCFP000 salutación
salutación NCFS000 salutación
salva NCFS000 salva
salvas NCFP000 salva
salvaciones NCFP000 salvación
salvación NCFS000 salvación
salvador NCMS000 salvador
salvadores NCMP000 salvador
salvador NP00000 salvador
salvadora NCFS000 salvadora
salvadoras NCFP000 salvadora
salvadora NP00000 salvadora
salvaguardia NCFS000 salvaguardia
salvaguardias NCFP000 salvaguardia
salvaguardia NCMS000 salvaguardia
salvaguardias NCMP000 salvaguardia
salvaje NCIS000 salvaje
salvajes NCIP000 salvaje
salvamento NCMS000 salvamento
salvamentos NCMP000 salvamento
salvavidas NCMS000 salvavidas
salvavidas NCMP000 salvavidas
salvedad NCFS000 salvedad
salvedades NCFP000 salvedad
salvia NCFS000 salvia
salvias NCFP000 salvia
salvia NP00000 salvia
salviano NP00000 salviano
salvino NP00000 salvino
salvio NP00000 salvio
salvo NP00000 salvo
salvoconducto NCMS000 salvoconducto
salvoconductos NCMP000 salvoconducto
samanta NP00000 samanta
samantha NP00000 samantha
sambenito NCMS000 sambenito
sambenitos NCMP000 sambenito
samuel NP00000 samuel
sanatorio NCMS000 sanatorio
sanatorios NCMP000 sanatorio
sanciones NCFP000 sanción
sanción NCFS000 sanción
sancho NP00000 sancho
sandalia NCFS000 sandalia
sandalias NCFP000 sandalia
sandeces NCFP000 sandez
sandez NCFS000 sandez
sandía NCFS000 sandía
sandías NCFP000 sandía
sandra NP00000 sandra
sandro NP00000 sandro
sangre NCFS000 sangre
sangres NCFP000 sangre
sangría NCFS000 sangría
sangrías NCFP000 sangría
sanguijuela NCFS000 sanguijuela
sanguijuelas NCFP000 sanguijuela
sanguínea NCFS000 sanguínea
sanguíneas NCFP000 sanguínea
sanguíneo NCMS000 sanguíneo
sanguíneos NCMP000 sanguíneo
sanidad NCFS000 sanidad
sanidades NCFP000 sanidad
sanitaria NCFS000 sanitaria
sanitarias NCFP000 sanitaria
sanitario NCMS000 sanitario
sanitarios NCMP000 sanitario
sansón NP00000 sansón
santa NCFS000 santa
santas NCFP000 santa
santiago NP00000 santiago
santiamenes NCMP000 santiamén
santiamén NCMS000 santiamén
santidad NCFS000 santidad
santidades NCFP000 santidad
santino NP00000 santino
santo NCMS000 santo
santos NCMP000 santo
santo NP00000 santo
santones NCMP000 santón
santón NCMS000 santón
santona NCFS000 santona
santonas NCFP000 santona
santos NP00000 santos
santuario NCMS000 santuario
santuarios NCMP000 santuario
santurrones NCMP000 santurrón
santurrón NCMS000 santurrón
santurrona NCFS000 santurrona
santurronas NCFP000 santurrona
saña NCFS000 saña
sañas NCFP000 saña
sapo NCMS000 sapo
sapos NCMP000 sapo
saqueador NCMS000 saqueador
saqueadores NCMP000 saqueador
saqueadora NCFS000 saqueadora
saqueadoras NCFP000 saqueadora
saqueo NCMS000 saqueo
saqueos NCMP000 saqueo
sara NP00000 sara
sarampiones NCMP000 sarampión
sarampión NCMS000 sarampión
sarcasmo NCMS000 sarcasmo
sarcasmos NCMP000 sarcasmo
sarcástica NCFS000 sarcástica
sarcásticas NCFP000 sarcástica
sarcástico NCMS000 sarcástico
sarcásticos NCMP000 sarcástico
sarcófago NCMS000 sarcófago
sarcófagos NCMP000 sarcófago
sardina NCFS000 sardina
sardinas NCFP000 sardina
sargenta NCFS000 sargenta
sargentas NCFP000 sargenta
sargento NCMS000 sargento
sargentos NCMP000 sargento
sarta NCFS000 sarta
sartas NCFP000 sarta
sartenes NCFP000 sartén
sartén NCFS000 sartén
sasha NP00000 sasha
sastre NCMS000 sastre
sastres NCMP000 sastre
satanás NP00000 satanás
satélite NCMS000 satélite
satélites NCMP000 satélite
satírico NCMS000 satírico
satíricos NCMP000 satírico
satisfacciones NCFP000 satisfacción
satisfacción NCFS000 satisfacción
saturnino NP00000 saturnino
saturno NP00000 saturno
sauce NCMS000 sauce
sauces NCMP000 sauce
sauken NP00000 sauken
saúl NP00000 saúl
saulo NP00000 saulo
saveria NP00000 saveria
saverio NP00000 saverio
savia NCFS000 savia
savias NCFP000 savia
saya NCFS000 saya
sayas NCFP000 saya
sayi NP00000 sayi
sazones NCFP000 sazón
sazón NCFS000 sazón
